[{"type": "backward", "source": {"source_addr": "0x805a", "source_label": 1343}, "destinations": [{"dest_addr": "0x8c86", "dest_label": 4608, "caller_addr": "0x8c82", "caller_label": 4608}]}, {"type": "backward", "source": {"source_addr": "0x8974", "source_label": 5708}, "destinations": [{"dest_addr": "0x86f0", "dest_label": 5476, "caller_addr": "0x86ec", "caller_label": 5476}, {"dest_addr": "0x8706", "dest_label": 6848, "caller_addr": "0x8702", "caller_label": 6848}]}, {"type": "forward", "source": {"source_addr": "0x8ac4", "source_label": 1951}, "destinations": [{"dest_addr": "0x8030", "dest_label": 7626}]}, {"type": "forward", "source": {"source_addr": "0x8ae0", "source_label": 3433}, "destinations": [{"dest_addr": "0x8030", "dest_label": 7626}]}, {"type": "backward", "source": {"source_addr": "0x8ae6", "source_label": 1782}, "destinations": [{"dest_addr": "0x80d2", "dest_label": 2134, "caller_addr": "0x80ce", "caller_label": 2134}]}, {"type": "forward", "source": {"source_addr": "0x8c82", "source_label": 4608}, "destinations": [{"dest_addr": "0x8044", "dest_label": 4086}]}, {"type": "backward", "source": {"source_addr": "0x85a6", "source_label": 7789}, "destinations": [{"dest_addr": "0x88c6", "dest_label": 2460, "caller_addr": "0x88c2", "caller_label": 2460}, {"dest_addr": "0x88e6", "dest_label": 3931, "caller_addr": "0x88e2", "caller_label": 3931}, {"dest_addr": "0x8906", "dest_label": 4079, "caller_addr": "0x8902", "caller_label": 4079}]}, {"type": "backward", "source": {"source_addr": "0x8cde", "source_label": 6113}, "destinations": [{"dest_addr": "0x80ce", "dest_label": 5406, "caller_addr": "0x80ca", "caller_label": 5406}, {"dest_addr": "0x8ac8", "dest_label": 1951, "caller_addr": "0x8ac4", "caller_label": 1951}, {"dest_addr": "0x8ae4", "dest_label": 3433, "caller_addr": "0x8ae0", "caller_label": 3433}]}, {"type": "backward", "source": {"source_addr": "0x870a", "source_label": 94}, "destinations": [{"dest_addr": "0x8a88", "dest_label": 3599, "caller_addr": "0x8a84", "caller_label": 3599}]}, {"type": "backward", "source": {"source_addr": "0x8b84", "source_label": 3184}, "destinations": [{"dest_addr": "0x80aa", "dest_label": 6146, "caller_addr": "0x80a6", "caller_label": 6146}]}, {"type": "backward", "source": {"source_addr": "0x8aac", "source_label": 7691}, "destinations": [{"dest_addr": "0x80da", "dest_label": 5589, "caller_addr": "0x80d6", "caller_label": 5589}]}, {"type": "backward", "source": {"source_addr": "0x86f8", "source_label": 3498}, "destinations": [{"dest_addr": "0x8a80", "dest_label": 2304, "caller_addr": "0x8a7c", "caller_label": 2304}]}]