[{"type": "backward", "source": {"source_addr": "0x8056", "source_label": 5370}, "destinations": [{"dest_addr": "0x84a6", "dest_label": 920, "caller_addr": "0x84a2", "caller_label": 920}]}, {"type": "backward", "source": {"source_addr": "0x81a8", "source_label": 3614}, "destinations": [{"dest_addr": "0x815a", "dest_label": 1129, "caller_addr": "0x8156", "caller_label": 1129}, {"dest_addr": "0x816e", "dest_label": 2952, "caller_addr": "0x816a", "caller_label": 2952}]}, {"type": "forward", "source": {"source_addr": "0x82e4", "source_label": 483}, "destinations": [{"dest_addr": "0x802c", "dest_label": 865}]}, {"type": "forward", "source": {"source_addr": "0x8300", "source_label": 2677}, "destinations": [{"dest_addr": "0x802c", "dest_label": 865}]}, {"type": "backward", "source": {"source_addr": "0x8306", "source_label": 6168}, "destinations": [{"dest_addr": "0x80ce", "dest_label": 1188, "caller_addr": "0x80ca", "caller_label": 1188}]}, {"type": "forward", "source": {"source_addr": "0x84a2", "source_label": 920}, "destinations": [{"dest_addr": "0x8040", "dest_label": 5280}]}, {"type": "backward", "source": {"source_addr": "0x84fe", "source_label": 1569}, "destinations": [{"dest_addr": "0x80ca", "dest_label": 1102, "caller_addr": "0x80c6", "caller_label": 1102}, {"dest_addr": "0x82e8", "dest_label": 483, "caller_addr": "0x82e4", "caller_label": 483}, {"dest_addr": "0x8304", "dest_label": 2677, "caller_addr": "0x8300", "caller_label": 2677}]}, {"type": "backward", "source": {"source_addr": "0x8172", "source_label": 3756}, "destinations": [{"dest_addr": "0x8258", "dest_label": 5204, "caller_addr": "0x8254", "caller_label": 5204}]}, {"type": "backward", "source": {"source_addr": "0x83a4", "source_label": 4717}, "destinations": [{"dest_addr": "0x80a6", "dest_label": 7243, "caller_addr": "0x80a2", "caller_label": 7243}]}, {"type": "backward", "source": {"source_addr": "0x827c", "source_label": 6815}, "destinations": [{"dest_addr": "0x80d6", "dest_label": 5321, "caller_addr": "0x80d2", "caller_label": 5321}]}, {"type": "backward", "source": {"source_addr": "0x8162", "source_label": 5099}, "destinations": [{"dest_addr": "0x8250", "dest_label": 2171, "caller_addr": "0x824c", "caller_label": 2171}]}, {"type": "backward", "source": {"source_addr": "0x813a", "source_label": 2169}, "destinations": [{"dest_addr": "0x818c", "dest_label": 1516, "caller_addr": "0x8188", "caller_label": 1516}]}]