[{"type": "backward", "source": {"source_addr": "0x8056", "source_label": 4392}, "destinations": [{"dest_addr": "0x8f22", "dest_label": 4852, "caller_addr": "0x8f1e", "caller_label": 4852}]}, {"type": "backward", "source": {"source_addr": "0x8a4a", "source_label": 1594}, "destinations": [{"dest_addr": "0x88c2", "dest_label": 8160, "caller_addr": "0x88be", "caller_label": 8160}, {"dest_addr": "0x88d6", "dest_label": 17, "caller_addr": "0x88d2", "caller_label": 17}]}, {"type": "forward", "source": {"source_addr": "0x8bc4", "source_label": 8129}, "destinations": [{"dest_addr": "0x802c", "dest_label": 3861}]}, {"type": "forward", "source": {"source_addr": "0x8be0", "source_label": 5160}, "destinations": [{"dest_addr": "0x802c", "dest_label": 3861}]}, {"type": "backward", "source": {"source_addr": "0x8be6", "source_label": 2068}, "destinations": [{"dest_addr": "0x80ce", "dest_label": 3274, "caller_addr": "0x80ca", "caller_label": 3274}]}, {"type": "forward", "source": {"source_addr": "0x8f1e", "source_label": 4852}, "destinations": [{"dest_addr": "0x8040", "dest_label": 3463}]}, {"type": "backward", "source": {"source_addr": "0x8f7a", "source_label": 738}, "destinations": [{"dest_addr": "0x80ca", "dest_label": 5036, "caller_addr": "0x80c6", "caller_label": 5036}, {"dest_addr": "0x8bc8", "dest_label": 8129, "caller_addr": "0x8bc4", "caller_label": 8129}, {"dest_addr": "0x8be4", "dest_label": 5160, "caller_addr": "0x8be0", "caller_label": 5160}]}, {"type": "backward", "source": {"source_addr": "0x8ae0", "source_label": 1329}, "destinations": [{"dest_addr": "0x8b98", "dest_label": 5909, "caller_addr": "0x8b94", "caller_label": 5909}]}, {"type": "backward", "source": {"source_addr": "0x8c52", "source_label": 8142}, "destinations": [{"dest_addr": "0x8aaa", "dest_label": 2896, "caller_addr": "0x8aa6", "caller_label": 2896}]}, {"type": "backward", "source": {"source_addr": "0x8c5a", "source_label": 2763}, "destinations": [{"dest_addr": "0x8aaa", "dest_label": 2896, "caller_addr": "0x8aa6", "caller_label": 2896}]}, {"type": "backward", "source": {"source_addr": "0x8c5e", "source_label": 2540}, "destinations": [{"dest_addr": "0x8aaa", "dest_label": 2896, "caller_addr": "0x8aa6", "caller_label": 2896}]}, {"type": "backward", "source": {"source_addr": "0x88da", "source_label": 1340}, "destinations": [{"dest_addr": "0x8b88", "dest_label": 6142, "caller_addr": "0x8b84", "caller_label": 6142}]}, {"type": "backward", "source": {"source_addr": "0x8e20", "source_label": 1079}, "destinations": [{"dest_addr": "0x80a6", "dest_label": 7614, "caller_addr": "0x80a2", "caller_label": 7614}]}, {"type": "backward", "source": {"source_addr": "0x8bac", "source_label": 3664}, "destinations": [{"dest_addr": "0x80d6", "dest_label": 1078, "caller_addr": "0x80d2", "caller_label": 1078}]}, {"type": "backward", "source": {"source_addr": "0x88ca", "source_label": 7492}, "destinations": [{"dest_addr": "0x8b80", "dest_label": 7384, "caller_addr": "0x8b7c", "caller_label": 7384}]}]