[{"type": "backward", "source": {"source_addr": "0x8056", "source_label": 1253}, "destinations": [{"dest_addr": "0x993a", "dest_label": 4142, "caller_addr": "0x9936", "caller_label": 4142}]}, {"type": "backward", "source": {"source_addr": "0x93c2", "source_label": 4692}, "destinations": [{"dest_addr": "0x93e2", "dest_label": 5552, "caller_addr": "0x93de", "caller_label": 5552}]}, {"type": "backward", "source": {"source_addr": "0x97ac", "source_label": 6700}, "destinations": [{"dest_addr": "0x80a6", "dest_label": 2051, "caller_addr": "0x80a2", "caller_label": 2051}, {"dest_addr": "0x928e", "dest_label": 7610, "caller_addr": "0x928a", "caller_label": 7610}, {"dest_addr": "0x92b8", "dest_label": 2109, "caller_addr": "0x92b4", "caller_label": 2109}, {"dest_addr": "0x948c", "dest_label": 2349, "caller_addr": "0x9488", "caller_label": 2349}]}, {"type": "backward", "source": {"source_addr": "0x81f0", "source_label": 7241}, "destinations": [{"dest_addr": "0x93bc", "dest_label": 2024, "caller_addr": "0x93b8", "caller_label": 2024}]}, {"type": "forward", "source": {"source_addr": "0x9494", "source_label": 1454}, "destinations": [{"dest_addr": "0x9114", "dest_label": 785}]}, {"type": "forward", "source": {"source_addr": "0x94a2", "source_label": 4015}, "destinations": [{"dest_addr": "0x9148", "dest_label": 2376}]}, {"type": "forward", "source": {"source_addr": "0x94b0", "source_label": 4194}, "destinations": [{"dest_addr": "0x93cc", "dest_label": 4193}]}, {"type": "backward", "source": {"source_addr": "0x94c8", "source_label": 771}, "destinations": [{"dest_addr": "0x9456", "dest_label": 2882, "caller_addr": "0x9452", "caller_label": 2882}, {"dest_addr": "0x946c", "dest_label": 4174, "caller_addr": "0x9468", "caller_label": 4174}]}, {"type": "backward", "source": {"source_addr": "0x983a", "source_label": 8172}, "destinations": [{"dest_addr": "0x959c", "dest_label": 7417, "caller_addr": "0x9598", "caller_label": 7417}]}, {"type": "backward", "source": {"source_addr": "0x9844", "source_label": 6939}, "destinations": [{"dest_addr": "0x959c", "dest_label": 7417, "caller_addr": "0x9598", "caller_label": 7417}]}, {"type": "backward", "source": {"source_addr": "0x9142", "source_label": 5753}, "destinations": [{"dest_addr": "0x93e8", "dest_label": 8096, "caller_addr": "0x93e4", "caller_label": 8096}, {"dest_addr": "0x9498", "dest_label": 1454, "caller_addr": "0x9494", "caller_label": 1454}]}, {"type": "forward", "source": {"source_addr": "0x95b8", "source_label": 2738}, "destinations": [{"dest_addr": "0x802c", "dest_label": 7095}]}, {"type": "forward", "source": {"source_addr": "0x95d4", "source_label": 3537}, "destinations": [{"dest_addr": "0x802c", "dest_label": 7095}]}, {"type": "backward", "source": {"source_addr": "0x95da", "source_label": 5085}, "destinations": [{"dest_addr": "0x80ce", "dest_label": 2340, "caller_addr": "0x80ca", "caller_label": 2340}]}, {"type": "backward", "source": {"source_addr": "0x93ee", "source_label": 6866}, "destinations": [{"dest_addr": "0x94b4", "dest_label": 4194, "caller_addr": "0x94b0", "caller_label": 4194}]}, {"type": "backward", "source": {"source_addr": "0x97ee", "source_label": 3515}, "destinations": [{"dest_addr": "0x959c", "dest_label": 7417, "caller_addr": "0x9598", "caller_label": 7417}]}, {"type": "backward", "source": {"source_addr": "0x980a", "source_label": 2191}, "destinations": [{"dest_addr": "0x959c", "dest_label": 7417, "caller_addr": "0x9598", "caller_label": 7417}]}, {"type": "backward", "source": {"source_addr": "0x980e", "source_label": 2945}, "destinations": [{"dest_addr": "0x959c", "dest_label": 7417, "caller_addr": "0x9598", "caller_label": 7417}]}, {"type": "backward", "source": {"source_addr": "0x9818", "source_label": 2335}, "destinations": [{"dest_addr": "0x959c", "dest_label": 7417, "caller_addr": "0x9598", "caller_label": 7417}]}, {"type": "forward", "source": {"source_addr": "0x9936", "source_label": 4142}, "destinations": [{"dest_addr": "0x8040", "dest_label": 3986}]}, {"type": "backward", "source": {"source_addr": "0x9992", "source_label": 850}, "destinations": [{"dest_addr": "0x80ca", "dest_label": 4842, "caller_addr": "0x80c6", "caller_label": 4842}, {"dest_addr": "0x95bc", "dest_label": 2738, "caller_addr": "0x95b8", "caller_label": 2738}, {"dest_addr": "0x95d8", "dest_label": 3537, "caller_addr": "0x95d4", "caller_label": 3537}]}, {"type": "backward", "source": {"source_addr": "0x9470", "source_label": 5717}, "destinations": [{"dest_addr": "0x956c", "dest_label": 1, "caller_addr": "0x9568", "caller_label": 1}]}, {"type": "backward", "source": {"source_addr": "0x9590", "source_label": 5130}, "destinations": [{"dest_addr": "0x80d6", "dest_label": 5928, "caller_addr": "0x80d2", "caller_label": 5928}]}, {"type": "backward", "source": {"source_addr": "0x945e", "source_label": 2174}, "destinations": [{"dest_addr": "0x9564", "dest_label": 621, "caller_addr": "0x9560", "caller_label": 621}]}, {"type": "backward", "source": {"source_addr": "0x922a", "source_label": 7026}, "destinations": [{"dest_addr": "0x94a6", "dest_label": 4015, "caller_addr": "0x94a2", "caller_label": 4015}]}]