[{"type": "backward", "source": {"source_addr": "0x8056", "source_label": 3213}, "destinations": [{"dest_addr": "0x911a", "dest_label": 7773, "caller_addr": "0x9116", "caller_label": 7773}]}, {"type": "backward", "source": {"source_addr": "0x8e74", "source_label": 5933}, "destinations": [{"dest_addr": "0x8e06", "dest_label": 2752, "caller_addr": "0x8e02", "caller_label": 2752}, {"dest_addr": "0x8e1a", "dest_label": 6822, "caller_addr": "0x8e16", "caller_label": 6822}]}, {"type": "backward", "source": {"source_addr": "0x827c", "source_label": 4869}, "destinations": [{"dest_addr": "0x82e8", "dest_label": 2464, "caller_addr": "0x82e4", "caller_label": 2464}]}, {"type": "backward", "source": {"source_addr": "0x84b4", "source_label": 4626}, "destinations": [{"dest_addr": "0x8e50", "dest_label": 3675, "caller_addr": "0x8e4c", "caller_label": 3675}]}, {"type": "backward", "source": {"source_addr": "0x82ee", "source_label": 6745}, "destinations": [{"dest_addr": "0x84a6", "dest_label": 3561, "caller_addr": "0x84a2", "caller_label": 3561}, {"dest_addr": "0x8e38", "dest_label": 6516, "caller_addr": "0x8e34", "caller_label": 6516}]}, {"type": "backward", "source": {"source_addr": "0x848e", "source_label": 7169}, "destinations": [{"dest_addr": "0x84ae", "dest_label": 7132, "caller_addr": "0x84aa", "caller_label": 7132}]}, {"type": "backward", "source": {"source_addr": "0x8d78", "source_label": 3342}, "destinations": [{"dest_addr": "0x8e5e", "dest_label": 7355, "caller_addr": "0x8e5a", "caller_label": 7355}]}, {"type": "backward", "source": {"source_addr": "0x8cf4", "source_label": 483}, "destinations": [{"dest_addr": "0x8d72", "dest_label": 3704, "caller_addr": "0x8d6e", "caller_label": 3704}]}, {"type": "forward", "source": {"source_addr": "0x8f58", "source_label": 7885}, "destinations": [{"dest_addr": "0x802c", "dest_label": 6244}]}, {"type": "forward", "source": {"source_addr": "0x8f74", "source_label": 1666}, "destinations": [{"dest_addr": "0x802c", "dest_label": 6244}]}, {"type": "backward", "source": {"source_addr": "0x8f7a", "source_label": 2787}, "destinations": [{"dest_addr": "0x80ce", "dest_label": 2356, "caller_addr": "0x80ca", "caller_label": 2356}]}, {"type": "forward", "source": {"source_addr": "0x9116", "source_label": 7773}, "destinations": [{"dest_addr": "0x8040", "dest_label": 5677}]}, {"type": "backward", "source": {"source_addr": "0x88d4", "source_label": 4647}, "destinations": [{"dest_addr": "0x8d2e", "dest_label": 1261, "caller_addr": "0x8d2a", "caller_label": 1261}]}, {"type": "backward", "source": {"source_addr": "0x9172", "source_label": 2035}, "destinations": [{"dest_addr": "0x80ca", "dest_label": 1864, "caller_addr": "0x80c6", "caller_label": 1864}, {"dest_addr": "0x8f5c", "dest_label": 7885, "caller_addr": "0x8f58", "caller_label": 7885}, {"dest_addr": "0x8f78", "dest_label": 1666, "caller_addr": "0x8f74", "caller_label": 1666}]}, {"type": "backward", "source": {"source_addr": "0x8e1e", "source_label": 437}, "destinations": [{"dest_addr": "0x8f1c", "dest_label": 4450, "caller_addr": "0x8f18", "caller_label": 4450}]}, {"type": "backward", "source": {"source_addr": "0x9018", "source_label": 452}, "destinations": [{"dest_addr": "0x80a6", "dest_label": 7481, "caller_addr": "0x80a2", "caller_label": 7481}]}, {"type": "backward", "source": {"source_addr": "0x8f40", "source_label": 1226}, "destinations": [{"dest_addr": "0x80d6", "dest_label": 882, "caller_addr": "0x80d2", "caller_label": 882}]}, {"type": "backward", "source": {"source_addr": "0x8e0e", "source_label": 4760}, "destinations": [{"dest_addr": "0x8f14", "dest_label": 6388, "caller_addr": "0x8f10", "caller_label": 6388}]}, {"type": "backward", "source": {"source_addr": "0x8d34", "source_label": 7631}, "destinations": [{"dest_addr": "0x8e46", "dest_label": 3282, "caller_addr": "0x8e42", "caller_label": 3282}]}]