[{"type": "backward", "source": {"source_addr": "0x8056", "source_label": 2111}, "destinations": [{"dest_addr": "0xebd6", "dest_label": 3131, "caller_addr": "0xebd2", "caller_label": 3131}]}, {"type": "forward", "source": {"source_addr": "0xea14", "source_label": 2142}, "destinations": [{"dest_addr": "0x802c", "dest_label": 966}]}, {"type": "forward", "source": {"source_addr": "0xea30", "source_label": 1479}, "destinations": [{"dest_addr": "0x802c", "dest_label": 966}]}, {"type": "backward", "source": {"source_addr": "0xea36", "source_label": 3473}, "destinations": [{"dest_addr": "0x80ce", "dest_label": 6700, "caller_addr": "0x80ca", "caller_label": 6700}]}, {"type": "forward", "source": {"source_addr": "0xebd2", "source_label": 3131}, "destinations": [{"dest_addr": "0x8040", "dest_label": 4998}]}, {"type": "backward", "source": {"source_addr": "0xec2e", "source_label": 8154}, "destinations": [{"dest_addr": "0x80ca", "dest_label": 3673, "caller_addr": "0x80c6", "caller_label": 3673}, {"dest_addr": "0xea18", "dest_label": 2142, "caller_addr": "0xea14", "caller_label": 2142}, {"dest_addr": "0xea34", "dest_label": 1479, "caller_addr": "0xea30", "caller_label": 1479}]}, {"type": "backward", "source": {"source_addr": "0x8130", "source_label": 2561}, "destinations": [{"dest_addr": "0xe9d8", "dest_label": 5477, "caller_addr": "0xe9d4", "caller_label": 5477}]}, {"type": "backward", "source": {"source_addr": "0xead4", "source_label": 4793}, "destinations": [{"dest_addr": "0x80a6", "dest_label": 3480, "caller_addr": "0x80a2", "caller_label": 3480}]}, {"type": "backward", "source": {"source_addr": "0xe9fc", "source_label": 5868}, "destinations": [{"dest_addr": "0x80d6", "dest_label": 5474, "caller_addr": "0x80d2", "caller_label": 5474}]}, {"type": "backward", "source": {"source_addr": "0x811e", "source_label": 2819}, "destinations": [{"dest_addr": "0xe9d0", "dest_label": 7057, "caller_addr": "0xe9cc", "caller_label": 7057}]}]