[{"type": "backward", "source": {"source_addr": "0x8056", "source_label": 5062}, "destinations": [{"dest_addr": "0x8572", "dest_label": 4132, "caller_addr": "0x856e", "caller_label": 4132}]}, {"type": "backward", "source": {"source_addr": "0x82b8", "source_label": 3489}, "destinations": [{"dest_addr": "0x8270", "dest_label": 708, "caller_addr": "0x826c", "caller_label": 708}, {"dest_addr": "0x8284", "dest_label": 6037, "caller_addr": "0x8280", "caller_label": 6037}]}, {"type": "forward", "source": {"source_addr": "0x83b0", "source_label": 3512}, "destinations": [{"dest_addr": "0x802c", "dest_label": 1997}]}, {"type": "forward", "source": {"source_addr": "0x83cc", "source_label": 666}, "destinations": [{"dest_addr": "0x802c", "dest_label": 1997}]}, {"type": "backward", "source": {"source_addr": "0x83d2", "source_label": 982}, "destinations": [{"dest_addr": "0x80ce", "dest_label": 4567, "caller_addr": "0x80ca", "caller_label": 4567}]}, {"type": "forward", "source": {"source_addr": "0x856e", "source_label": 4132}, "destinations": [{"dest_addr": "0x8040", "dest_label": 6413}]}, {"type": "backward", "source": {"source_addr": "0x85ca", "source_label": 4307}, "destinations": [{"dest_addr": "0x80ca", "dest_label": 6764, "caller_addr": "0x80c6", "caller_label": 6764}, {"dest_addr": "0x83b4", "dest_label": 3512, "caller_addr": "0x83b0", "caller_label": 3512}, {"dest_addr": "0x83d0", "dest_label": 666, "caller_addr": "0x83cc", "caller_label": 666}]}, {"type": "backward", "source": {"source_addr": "0x8288", "source_label": 7538}, "destinations": [{"dest_addr": "0x8374", "dest_label": 3464, "caller_addr": "0x8370", "caller_label": 3464}]}, {"type": "backward", "source": {"source_addr": "0x8470", "source_label": 2804}, "destinations": [{"dest_addr": "0x80a6", "dest_label": 7049, "caller_addr": "0x80a2", "caller_label": 7049}]}, {"type": "backward", "source": {"source_addr": "0x8398", "source_label": 1074}, "destinations": [{"dest_addr": "0x80d6", "dest_label": 2817, "caller_addr": "0x80d2", "caller_label": 2817}]}, {"type": "backward", "source": {"source_addr": "0x8278", "source_label": 5820}, "destinations": [{"dest_addr": "0x836c", "dest_label": 1326, "caller_addr": "0x8368", "caller_label": 1326}]}]