[{"type": "backward", "source": {"source_addr": "0x808a", "source_label": 6582}, "destinations": [{"dest_addr": "0x9646", "dest_label": 6797, "caller_addr": "0x9642", "caller_label": 6797}]}, {"type": "backward", "source": {"source_addr": "0x815a", "source_label": 7272}, "destinations": [{"dest_addr": "0x8e4c", "dest_label": 2153, "caller_addr": "0x8e48", "caller_label": 2153}]}, {"type": "backward", "source": {"source_addr": "0x93ea", "source_label": 5015}, "destinations": [{"dest_addr": "0x8148", "dest_label": 5361, "caller_addr": "0x8144", "caller_label": 5361}]}, {"type": "backward", "source": {"source_addr": "0x9402", "source_label": 994}, "destinations": [{"dest_addr": "0x8148", "dest_label": 5361, "caller_addr": "0x8144", "caller_label": 5361}]}, {"type": "backward", "source": {"source_addr": "0x9414", "source_label": 2033}, "destinations": [{"dest_addr": "0x8148", "dest_label": 5361, "caller_addr": "0x8144", "caller_label": 5361}]}, {"type": "backward", "source": {"source_addr": "0x944a", "source_label": 3749}, "destinations": [{"dest_addr": "0x8148", "dest_label": 5361, "caller_addr": "0x8144", "caller_label": 5361}]}, {"type": "backward", "source": {"source_addr": "0x944e", "source_label": 1612}, "destinations": [{"dest_addr": "0x8148", "dest_label": 5361, "caller_addr": "0x8144", "caller_label": 5361}]}, {"type": "backward", "source": {"source_addr": "0x81e6", "source_label": 3051}, "destinations": [{"dest_addr": "0x820a", "dest_label": 5570, "caller_addr": "0x8206", "caller_label": 5570}]}, {"type": "backward", "source": {"source_addr": "0x821e", "source_label": 3402}, "destinations": [{"dest_addr": "0x8680", "dest_label": 959, "caller_addr": "0x867c", "caller_label": 959}, {"dest_addr": "0x8d32", "dest_label": 6386, "caller_addr": "0x8d2e", "caller_label": 6386}]}, {"type": "backward", "source": {"source_addr": "0x82e6", "source_label": 6674}, "destinations": [{"dest_addr": "0x83aa", "dest_label": 4955, "caller_addr": "0x83a6", "caller_label": 4955}]}, {"type": "backward", "source": {"source_addr": "0x8470", "source_label": 7683}, "destinations": [{"dest_addr": "0x85d8", "dest_label": 1415, "caller_addr": "0x85d4", "caller_label": 1415}, {"dest_addr": "0x8a66", "dest_label": 5906, "caller_addr": "0x8a62", "caller_label": 5906}]}, {"type": "backward", "source": {"source_addr": "0x8630", "source_label": 3606}, "destinations": [{"dest_addr": "0x88e0", "dest_label": 5555, "caller_addr": "0x88dc", "caller_label": 5555}]}, {"type": "backward", "source": {"source_addr": "0x8aa0", "source_label": 2470}, "destinations": [{"dest_addr": "0x8704", "dest_label": 7339, "caller_addr": "0x8700", "caller_label": 7339}, {"dest_addr": "0x879e", "dest_label": 4371, "caller_addr": "0x879a", "caller_label": 4371}, {"dest_addr": "0x87fc", "dest_label": 7389, "caller_addr": "0x87f8", "caller_label": 7389}, {"dest_addr": "0x8868", "dest_label": 5818, "caller_addr": "0x8864", "caller_label": 5818}, {"dest_addr": "0x89a8", "dest_label": 3910, "caller_addr": "0x89a4", "caller_label": 3910}, {"dest_addr": "0x8b36", "dest_label": 5664, "caller_addr": "0x8b32", "caller_label": 5664}]}, {"type": "backward", "source": {"source_addr": "0x8b54", "source_label": 558}, "destinations": [{"dest_addr": "0x8946", "dest_label": 5596, "caller_addr": "0x8942", "caller_label": 5596}, {"dest_addr": "0x8968", "dest_label": 7233, "caller_addr": "0x8964", "caller_label": 7233}, {"dest_addr": "0x8b94", "dest_label": 7156, "caller_addr": "0x8b90", "caller_label": 7156}]}, {"type": "backward", "source": {"source_addr": "0x8bc6", "source_label": 681}, "destinations": [{"dest_addr": "0x8f7e", "dest_label": 291, "caller_addr": "0x8f7a", "caller_label": 291}]}, {"type": "backward", "source": {"source_addr": "0x8f86", "source_label": 4858}, "destinations": [{"dest_addr": "0x90a6", "dest_label": 6979, "caller_addr": "0x90a2", "caller_label": 6979}]}, {"type": "backward", "source": {"source_addr": "0x9150", "source_label": 4536}, "destinations": [{"dest_addr": "0x90d2", "dest_label": 3985, "caller_addr": "0x90ce", "caller_label": 3985}, {"dest_addr": "0x90e6", "dest_label": 347, "caller_addr": "0x90e2", "caller_label": 347}]}, {"type": "forward", "source": {"source_addr": "0x9244", "source_label": 2876}, "destinations": [{"dest_addr": "0x8060", "dest_label": 6740}]}, {"type": "forward", "source": {"source_addr": "0x9260", "source_label": 6888}, "destinations": [{"dest_addr": "0x8060", "dest_label": 6740}]}, {"type": "backward", "source": {"source_addr": "0x9266", "source_label": 5129}, "destinations": [{"dest_addr": "0x8102", "dest_label": 1137, "caller_addr": "0x80fe", "caller_label": 1137}]}, {"type": "forward", "source": {"source_addr": "0x9642", "source_label": 6797}, "destinations": [{"dest_addr": "0x8074", "dest_label": 5498}]}, {"type": "backward", "source": {"source_addr": "0x90b0", "source_label": 676}, "destinations": [{"dest_addr": "0x9126", "dest_label": 4933, "caller_addr": "0x9122", "caller_label": 4933}]}, {"type": "backward", "source": {"source_addr": "0x92d2", "source_label": 1543}, "destinations": [{"dest_addr": "0x9032", "dest_label": 5085, "caller_addr": "0x902e", "caller_label": 5085}]}, {"type": "backward", "source": {"source_addr": "0x92da", "source_label": 4373}, "destinations": [{"dest_addr": "0x9032", "dest_label": 5085, "caller_addr": "0x902e", "caller_label": 5085}]}, {"type": "backward", "source": {"source_addr": "0x92de", "source_label": 6594}, "destinations": [{"dest_addr": "0x9032", "dest_label": 5085, "caller_addr": "0x902e", "caller_label": 5085}]}, {"type": "backward", "source": {"source_addr": "0x969e", "source_label": 495}, "destinations": [{"dest_addr": "0x80fe", "dest_label": 273, "caller_addr": "0x80fa", "caller_label": 273}, {"dest_addr": "0x9248", "dest_label": 2876, "caller_addr": "0x9244", "caller_label": 2876}, {"dest_addr": "0x9264", "dest_label": 6888, "caller_addr": "0x9260", "caller_label": 6888}]}, {"type": "backward", "source": {"source_addr": "0x90ea", "source_label": 2145}, "destinations": [{"dest_addr": "0x9208", "dest_label": 223, "caller_addr": "0x9204", "caller_label": 223}]}, {"type": "backward", "source": {"source_addr": "0x936c", "source_label": 3912}, "destinations": [{"dest_addr": "0x80da", "dest_label": 1665, "caller_addr": "0x80d6", "caller_label": 1665}]}, {"type": "backward", "source": {"source_addr": "0x922c", "source_label": 5179}, "destinations": [{"dest_addr": "0x810a", "dest_label": 1040, "caller_addr": "0x8106", "caller_label": 1040}]}, {"type": "backward", "source": {"source_addr": "0x90da", "source_label": 3847}, "destinations": [{"dest_addr": "0x9200", "dest_label": 6278, "caller_addr": "0x91fc", "caller_label": 6278}]}]